[{"type":"forgot-password","subject":"Forgot Password","text":"<p><strong>To reset your password click this link:</strong></p><p><i>&nbsp;${url}</i></p><blockquote><p>If you didn’t ask to reset your password, you can ignore this email.</p></blockquote><ol><li>Thanks,</li></ol>"},{"type":"contact-email","subject":"Contact Form","text":"<p>CONTACT US</p><ul><li>UserName: ${name}</li><li>Email: ${email}</li><li>Message: ${message}</li></ul>"},{"type":"verify-user","subject":"Verify your ban account ....","text":"<p>Hello ${email} :</p><p>hjbjjkhh,kjwdjkaxznjdsjk</p><p>To verify your email click this link:</p><p>&nbsp;${url}</p><p>If you already verify your email, you can ignore this email.</p><p>Thanks,</p>"},{"type":"new-user","subject":"Congratulation for Deskillz User","text":"<p>PASTE HERE THE RESET NEW USER TEMPLATE SAMPLEs</p>"},{"type":"contact-status","subject":"Change Status for Contact Formssss","text":"<p>Your Query No# ${_id} status has been updggggated to ${status}…………… .</p>"},{"type":"invite-user","subject":"Invite Usersd","text":"<p>Hello ${email} :</p><p>Join to our platform join us with &nbsp; &nbsp;43 : ${url}</p><p>Thanks,</p>"}]